work,label,printed,source,pdf_page,chunk,note
arban,f01,,IMSLP180028-SIBLEY1802.7272.57c3-39087017795040pp1-56.pdf,1,arban-01,front cover
arban,f02,,IMSLP180028-SIBLEY1802.7272.57c3-39087017795040pp1-56.pdf,2,arban-01,list of principal words used in modern music
arban,r01,I,IMSLP180028-SIBLEY1802.7272.57c3-39087017795040pp1-56.pdf,3,arban-01,report of the Conservatoire committee
arban,r02,[II],IMSLP180028-SIBLEY1802.7272.57c3-39087017795040pp1-56.pdf,4,arban-01,biographical sketch
arban,r03,III,IMSLP180028-SIBLEY1802.7272.57c3-39087017795040pp1-56.pdf,5,arban-02,
arban,r04,IV,IMSLP180028-SIBLEY1802.7272.57c3-39087017795040pp1-56.pdf,6,arban-02,
arban,r05,V,IMSLP180028-SIBLEY1802.7272.57c3-39087017795040pp1-56.pdf,7,arban-02,instrument illustrations and fingering chart
arban,r06,VI,IMSLP180028-SIBLEY1802.7272.57c3-39087017795040pp1-56.pdf,8,arban-02,diagram of cornet
arban,p001,1,IMSLP180028-SIBLEY1802.7272.57c3-39087017795040pp1-56.pdf,9,arban-03,
arban,p002,2,IMSLP180028-SIBLEY1802.7272.57c3-39087017795040pp1-56.pdf,10,arban-03,
arban,p003,3,IMSLP180028-SIBLEY1802.7272.57c3-39087017795040pp1-56.pdf,11,arban-03,
arban,p004,4,IMSLP180028-SIBLEY1802.7272.57c3-39087017795040pp1-56.pdf,12,arban-03,
arban,p005,5,IMSLP180028-SIBLEY1802.7272.57c3-39087017795040pp1-56.pdf,13,arban-03,
arban,p006,6,IMSLP180028-SIBLEY1802.7272.57c3-39087017795040pp1-56.pdf,14,arban-04,
arban,p007,7,IMSLP180028-SIBLEY1802.7272.57c3-39087017795040pp1-56.pdf,15,arban-04,
arban,p008,8,IMSLP180028-SIBLEY1802.7272.57c3-39087017795040pp1-56.pdf,16,arban-04,
arban,p009,9,IMSLP180028-SIBLEY1802.7272.57c3-39087017795040pp1-56.pdf,17,arban-04,
arban,p010,10,IMSLP180028-SIBLEY1802.7272.57c3-39087017795040pp1-56.pdf,18,arban-04,
arban,p011,11,IMSLP180028-SIBLEY1802.7272.57c3-39087017795040pp1-56.pdf,19,arban-05,
arban,p012,12,IMSLP180028-SIBLEY1802.7272.57c3-39087017795040pp1-56.pdf,20,arban-05,
arban,p013,13,IMSLP180028-SIBLEY1802.7272.57c3-39087017795040pp1-56.pdf,21,arban-05,
arban,p014,14,IMSLP180028-SIBLEY1802.7272.57c3-39087017795040pp1-56.pdf,22,arban-05,
arban,p015,15,IMSLP180028-SIBLEY1802.7272.57c3-39087017795040pp1-56.pdf,23,arban-05,
arban,p016,16,IMSLP180028-SIBLEY1802.7272.57c3-39087017795040pp1-56.pdf,24,arban-05,
arban,p017,17,IMSLP180028-SIBLEY1802.7272.57c3-39087017795040pp1-56.pdf,25,arban-05,
arban,p018,18,IMSLP180028-SIBLEY1802.7272.57c3-39087017795040pp1-56.pdf,26,arban-05,
arban,p019,19,IMSLP180028-SIBLEY1802.7272.57c3-39087017795040pp1-56.pdf,27,arban-05,
arban,p020,20,IMSLP180028-SIBLEY1802.7272.57c3-39087017795040pp1-56.pdf,28,arban-05,
arban,p021,21,IMSLP180028-SIBLEY1802.7272.57c3-39087017795040pp1-56.pdf,29,arban-05,
arban,p022,22,IMSLP180028-SIBLEY1802.7272.57c3-39087017795040pp1-56.pdf,30,arban-05,
arban,p023,23,IMSLP180028-SIBLEY1802.7272.57c3-39087017795040pp1-56.pdf,31,arban-06,
arban,p024,24,IMSLP180028-SIBLEY1802.7272.57c3-39087017795040pp1-56.pdf,32,arban-06,
arban,p025,25,IMSLP180028-SIBLEY1802.7272.57c3-39087017795040pp1-56.pdf,33,arban-06,
arban,p026,26,IMSLP180028-SIBLEY1802.7272.57c3-39087017795040pp1-56.pdf,34,arban-06,
arban,p027,27,IMSLP180028-SIBLEY1802.7272.57c3-39087017795040pp1-56.pdf,35,arban-06,
arban,p028,28,IMSLP180028-SIBLEY1802.7272.57c3-39087017795040pp1-56.pdf,36,arban-06,
arban,p029,29,IMSLP180028-SIBLEY1802.7272.57c3-39087017795040pp1-56.pdf,37,arban-06,
arban,p030,30,IMSLP180028-SIBLEY1802.7272.57c3-39087017795040pp1-56.pdf,38,arban-06,
arban,p031,31,IMSLP180028-SIBLEY1802.7272.57c3-39087017795040pp1-56.pdf,39,arban-06,
arban,p032,32,IMSLP180028-SIBLEY1802.7272.57c3-39087017795040pp1-56.pdf,40,arban-06,
arban,p033,33,IMSLP180028-SIBLEY1802.7272.57c3-39087017795040pp1-56.pdf,41,arban-07,
arban,p034,34,IMSLP180028-SIBLEY1802.7272.57c3-39087017795040pp1-56.pdf,42,arban-07,
arban,p035,35,IMSLP180028-SIBLEY1802.7272.57c3-39087017795040pp1-56.pdf,43,arban-07,
arban,p036,36,IMSLP180028-SIBLEY1802.7272.57c3-39087017795040pp1-56.pdf,44,arban-07,
arban,p037,37,IMSLP180028-SIBLEY1802.7272.57c3-39087017795040pp1-56.pdf,45,arban-07,
arban,p038,38,IMSLP180028-SIBLEY1802.7272.57c3-39087017795040pp1-56.pdf,46,arban-07,
arban,p039,39,IMSLP180028-SIBLEY1802.7272.57c3-39087017795040pp1-56.pdf,47,arban-07,
arban,p040,40,IMSLP180028-SIBLEY1802.7272.57c3-39087017795040pp1-56.pdf,48,arban-07,
arban,p041,41,IMSLP180028-SIBLEY1802.7272.57c3-39087017795040pp1-56.pdf,49,arban-07,
arban,p042,42,IMSLP180028-SIBLEY1802.7272.57c3-39087017795040pp1-56.pdf,50,arban-07,
arban,p043,43,IMSLP180028-SIBLEY1802.7272.57c3-39087017795040pp1-56.pdf,51,arban-08,
arban,p044,44,IMSLP180028-SIBLEY1802.7272.57c3-39087017795040pp1-56.pdf,52,arban-08,
arban,p045,45,IMSLP180028-SIBLEY1802.7272.57c3-39087017795040pp1-56.pdf,53,arban-08,
arban,p046,46,IMSLP180028-SIBLEY1802.7272.57c3-39087017795040pp1-56.pdf,54,arban-08,
arban,p047,47,IMSLP180028-SIBLEY1802.7272.57c3-39087017795040pp1-56.pdf,55,arban-08,
arban,p048,48,IMSLP180028-SIBLEY1802.7272.57c3-39087017795040pp1-56.pdf,56,arban-08,
arban,p049,49,IMSLP180028-SIBLEY1802.7272.57c3-39087017795040pp1-56.pdf,57,arban-08,
arban,p050,50,IMSLP180028-SIBLEY1802.7272.57c3-39087017795040pp1-56.pdf,58,arban-08,
arban,p051,51,IMSLP180028-SIBLEY1802.7272.57c3-39087017795040pp1-56.pdf,59,arban-08,
arban,p052,52,IMSLP180028-SIBLEY1802.7272.57c3-39087017795040pp1-56.pdf,60,arban-08,
arban,p053,53,IMSLP180028-SIBLEY1802.7272.57c3-39087017795040pp1-56.pdf,61,arban-09,
arban,p054,54,IMSLP180028-SIBLEY1802.7272.57c3-39087017795040pp1-56.pdf,62,arban-09,
arban,p055,55,IMSLP180028-SIBLEY1802.7272.57c3-39087017795040pp1-56.pdf,63,arban-09,
arban,p056,56,IMSLP180028-SIBLEY1802.7272.57c3-39087017795040pp1-56.pdf,64,arban-09,
arban,p057,57,IMSLP180029-SIBLEY1802.7272.f7ba-39087017795040pp57-122.pdf,1,arban-09,
arban,p058,58,IMSLP180029-SIBLEY1802.7272.f7ba-39087017795040pp57-122.pdf,2,arban-09,
arban,p059,59,IMSLP180029-SIBLEY1802.7272.f7ba-39087017795040pp57-122.pdf,3,arban-09,
arban,p060,60,IMSLP180029-SIBLEY1802.7272.f7ba-39087017795040pp57-122.pdf,4,arban-09,
arban,p061,61,IMSLP180029-SIBLEY1802.7272.f7ba-39087017795040pp57-122.pdf,5,arban-10,
arban,p062,62,IMSLP180029-SIBLEY1802.7272.f7ba-39087017795040pp57-122.pdf,6,arban-10,
arban,p063,63,IMSLP180029-SIBLEY1802.7272.f7ba-39087017795040pp57-122.pdf,7,arban-10,
arban,p064,64,IMSLP180029-SIBLEY1802.7272.f7ba-39087017795040pp57-122.pdf,8,arban-10,
arban,p065,65,IMSLP180029-SIBLEY1802.7272.f7ba-39087017795040pp57-122.pdf,9,arban-10,
arban,p066,66,IMSLP180029-SIBLEY1802.7272.f7ba-39087017795040pp57-122.pdf,10,arban-10,
arban,p067,67,IMSLP180029-SIBLEY1802.7272.f7ba-39087017795040pp57-122.pdf,11,arban-10,
arban,p068,68,IMSLP180029-SIBLEY1802.7272.f7ba-39087017795040pp57-122.pdf,12,arban-10,
arban,p069,69,IMSLP180029-SIBLEY1802.7272.f7ba-39087017795040pp57-122.pdf,13,arban-10,
arban,p070,70,IMSLP180029-SIBLEY1802.7272.f7ba-39087017795040pp57-122.pdf,14,arban-10,
arban,p071,71,IMSLP180029-SIBLEY1802.7272.f7ba-39087017795040pp57-122.pdf,15,arban-11,
arban,p072,72,IMSLP180029-SIBLEY1802.7272.f7ba-39087017795040pp57-122.pdf,16,arban-11,
arban,p073,73,IMSLP180029-SIBLEY1802.7272.f7ba-39087017795040pp57-122.pdf,17,arban-11,
arban,p074,74,IMSLP180029-SIBLEY1802.7272.f7ba-39087017795040pp57-122.pdf,18,arban-11,
arban,p075,75,IMSLP180029-SIBLEY1802.7272.f7ba-39087017795040pp57-122.pdf,19,arban-11,
arban,p076,76,IMSLP180029-SIBLEY1802.7272.f7ba-39087017795040pp57-122.pdf,20,arban-11,
arban,p077,77,IMSLP180029-SIBLEY1802.7272.f7ba-39087017795040pp57-122.pdf,21,arban-11,
arban,p078,78,IMSLP180029-SIBLEY1802.7272.f7ba-39087017795040pp57-122.pdf,22,arban-11,
arban,p079,79,IMSLP180029-SIBLEY1802.7272.f7ba-39087017795040pp57-122.pdf,23,arban-11,
arban,p080,80,IMSLP180029-SIBLEY1802.7272.f7ba-39087017795040pp57-122.pdf,24,arban-11,
arban,p081,81,IMSLP180029-SIBLEY1802.7272.f7ba-39087017795040pp57-122.pdf,25,arban-12,
arban,p082,82,IMSLP180029-SIBLEY1802.7272.f7ba-39087017795040pp57-122.pdf,26,arban-12,
arban,p083,83,IMSLP180029-SIBLEY1802.7272.f7ba-39087017795040pp57-122.pdf,27,arban-12,
arban,p084,84,IMSLP180029-SIBLEY1802.7272.f7ba-39087017795040pp57-122.pdf,28,arban-12,
arban,p085,85,IMSLP180029-SIBLEY1802.7272.f7ba-39087017795040pp57-122.pdf,29,arban-12,
arban,p086,86,IMSLP180029-SIBLEY1802.7272.f7ba-39087017795040pp57-122.pdf,30,arban-12,
arban,p087,87,IMSLP180029-SIBLEY1802.7272.f7ba-39087017795040pp57-122.pdf,31,arban-13,
arban,p088,88,IMSLP180029-SIBLEY1802.7272.f7ba-39087017795040pp57-122.pdf,32,arban-13,
arban,p089,89,IMSLP180029-SIBLEY1802.7272.f7ba-39087017795040pp57-122.pdf,33,arban-13,
arban,p090,90,IMSLP180029-SIBLEY1802.7272.f7ba-39087017795040pp57-122.pdf,34,arban-13,
arban,p091,91,IMSLP180029-SIBLEY1802.7272.f7ba-39087017795040pp57-122.pdf,35,arban-13,
arban,p092,92,IMSLP180029-SIBLEY1802.7272.f7ba-39087017795040pp57-122.pdf,36,arban-13,
arban,p093,93,IMSLP180029-SIBLEY1802.7272.f7ba-39087017795040pp57-122.pdf,37,arban-13,
arban,p094,94,IMSLP180029-SIBLEY1802.7272.f7ba-39087017795040pp57-122.pdf,38,arban-13,
arban,p095,95,IMSLP180029-SIBLEY1802.7272.f7ba-39087017795040pp57-122.pdf,39,arban-14,
arban,p096,96,IMSLP180029-SIBLEY1802.7272.f7ba-39087017795040pp57-122.pdf,40,arban-14,
arban,p097,97,IMSLP180029-SIBLEY1802.7272.f7ba-39087017795040pp57-122.pdf,41,arban-14,
arban,p098,98,IMSLP180029-SIBLEY1802.7272.f7ba-39087017795040pp57-122.pdf,42,arban-14,
arban,p099,99,IMSLP180029-SIBLEY1802.7272.f7ba-39087017795040pp57-122.pdf,43,arban-14,
arban,p100,100,IMSLP180029-SIBLEY1802.7272.f7ba-39087017795040pp57-122.pdf,44,arban-14,
arban,p101,101,IMSLP180029-SIBLEY1802.7272.f7ba-39087017795040pp57-122.pdf,45,arban-14,
arban,p102,102,IMSLP180029-SIBLEY1802.7272.f7ba-39087017795040pp57-122.pdf,46,arban-14,
arban,p103,103,IMSLP180029-SIBLEY1802.7272.f7ba-39087017795040pp57-122.pdf,47,arban-14,
arban,p104,104,IMSLP180029-SIBLEY1802.7272.f7ba-39087017795040pp57-122.pdf,48,arban-14,
arban,p105,105,IMSLP180029-SIBLEY1802.7272.f7ba-39087017795040pp57-122.pdf,49,arban-15,
arban,p106,106,IMSLP180029-SIBLEY1802.7272.f7ba-39087017795040pp57-122.pdf,50,arban-15,
arban,p107,107,IMSLP180029-SIBLEY1802.7272.f7ba-39087017795040pp57-122.pdf,51,arban-15,
arban,p108,108,IMSLP180029-SIBLEY1802.7272.f7ba-39087017795040pp57-122.pdf,52,arban-15,
arban,p109,109,IMSLP180029-SIBLEY1802.7272.f7ba-39087017795040pp57-122.pdf,53,arban-15,
arban,p110,110,IMSLP180029-SIBLEY1802.7272.f7ba-39087017795040pp57-122.pdf,54,arban-15,
arban,p111,111,IMSLP180029-SIBLEY1802.7272.f7ba-39087017795040pp57-122.pdf,55,arban-15,
arban,p112,112,IMSLP180029-SIBLEY1802.7272.f7ba-39087017795040pp57-122.pdf,56,arban-15,
arban,p113,113,IMSLP180029-SIBLEY1802.7272.f7ba-39087017795040pp57-122.pdf,57,arban-15,
arban,p114,114,IMSLP180029-SIBLEY1802.7272.f7ba-39087017795040pp57-122.pdf,58,arban-15,
arban,p115,115,IMSLP180029-SIBLEY1802.7272.f7ba-39087017795040pp57-122.pdf,59,arban-16,
arban,p116,116,IMSLP180029-SIBLEY1802.7272.f7ba-39087017795040pp57-122.pdf,60,arban-16,
arban,p117,117,IMSLP180029-SIBLEY1802.7272.f7ba-39087017795040pp57-122.pdf,61,arban-16,
arban,p118,118,IMSLP180029-SIBLEY1802.7272.f7ba-39087017795040pp57-122.pdf,62,arban-16,
arban,p119,119,IMSLP180029-SIBLEY1802.7272.f7ba-39087017795040pp57-122.pdf,63,arban-16,
arban,p120,120,IMSLP180029-SIBLEY1802.7272.f7ba-39087017795040pp57-122.pdf,64,arban-16,
arban,p121,121,IMSLP180029-SIBLEY1802.7272.f7ba-39087017795040pp57-122.pdf,65,arban-16,
arban,p122,122,IMSLP180029-SIBLEY1802.7272.f7ba-39087017795040pp57-122.pdf,66,arban-16,
arban,p123,123,IMSLP180030-SIBLEY1802.7272.6b1d-39087017795040pp123-190.pdf,1,arban-17,
arban,p124,124,IMSLP180030-SIBLEY1802.7272.6b1d-39087017795040pp123-190.pdf,2,arban-17,
arban,p125,125,IMSLP180030-SIBLEY1802.7272.6b1d-39087017795040pp123-190.pdf,3,arban-17,
arban,p126,126,IMSLP180030-SIBLEY1802.7272.6b1d-39087017795040pp123-190.pdf,4,arban-17,
arban,p127,127,IMSLP180030-SIBLEY1802.7272.6b1d-39087017795040pp123-190.pdf,5,arban-17,
arban,p128,128,IMSLP180030-SIBLEY1802.7272.6b1d-39087017795040pp123-190.pdf,6,arban-17,
arban,p129,129,IMSLP180030-SIBLEY1802.7272.6b1d-39087017795040pp123-190.pdf,7,arban-17,
arban,p130,130,IMSLP180030-SIBLEY1802.7272.6b1d-39087017795040pp123-190.pdf,8,arban-17,
arban,p131,131,IMSLP180030-SIBLEY1802.7272.6b1d-39087017795040pp123-190.pdf,9,arban-18,
arban,p132,132,IMSLP180030-SIBLEY1802.7272.6b1d-39087017795040pp123-190.pdf,10,arban-18,
arban,p133,133,IMSLP180030-SIBLEY1802.7272.6b1d-39087017795040pp123-190.pdf,11,arban-18,
arban,p134,134,IMSLP180030-SIBLEY1802.7272.6b1d-39087017795040pp123-190.pdf,12,arban-18,
arban,p135,135,IMSLP180030-SIBLEY1802.7272.6b1d-39087017795040pp123-190.pdf,13,arban-18,
arban,p136,136,IMSLP180030-SIBLEY1802.7272.6b1d-39087017795040pp123-190.pdf,14,arban-18,
arban,p137,137,IMSLP180030-SIBLEY1802.7272.6b1d-39087017795040pp123-190.pdf,15,arban-18,
arban,p138,138,IMSLP180030-SIBLEY1802.7272.6b1d-39087017795040pp123-190.pdf,16,arban-18,
arban,p139,139,IMSLP180030-SIBLEY1802.7272.6b1d-39087017795040pp123-190.pdf,17,arban-18,
arban,p140,140,IMSLP180030-SIBLEY1802.7272.6b1d-39087017795040pp123-190.pdf,18,arban-18,
arban,p141,141,IMSLP180030-SIBLEY1802.7272.6b1d-39087017795040pp123-190.pdf,19,arban-19,
arban,p142,142,IMSLP180030-SIBLEY1802.7272.6b1d-39087017795040pp123-190.pdf,20,arban-19,
arban,p143,143,IMSLP180030-SIBLEY1802.7272.6b1d-39087017795040pp123-190.pdf,21,arban-19,
arban,p144,144,IMSLP180030-SIBLEY1802.7272.6b1d-39087017795040pp123-190.pdf,22,arban-19,
arban,p145,145,IMSLP180030-SIBLEY1802.7272.6b1d-39087017795040pp123-190.pdf,23,arban-19,
arban,p146,146,IMSLP180030-SIBLEY1802.7272.6b1d-39087017795040pp123-190.pdf,24,arban-19,
arban,p147,147,IMSLP180030-SIBLEY1802.7272.6b1d-39087017795040pp123-190.pdf,25,arban-19,
arban,p148,148,IMSLP180030-SIBLEY1802.7272.6b1d-39087017795040pp123-190.pdf,26,arban-19,
arban,p149,149,IMSLP180030-SIBLEY1802.7272.6b1d-39087017795040pp123-190.pdf,27,arban-19,
arban,p150,150,IMSLP180030-SIBLEY1802.7272.6b1d-39087017795040pp123-190.pdf,28,arban-19,
arban,p151,151,IMSLP180030-SIBLEY1802.7272.6b1d-39087017795040pp123-190.pdf,29,arban-20,
arban,p152,152,IMSLP180030-SIBLEY1802.7272.6b1d-39087017795040pp123-190.pdf,30,arban-20,
arban,p153,153,IMSLP180030-SIBLEY1802.7272.6b1d-39087017795040pp123-190.pdf,31,arban-20,
arban,p154,154,IMSLP180030-SIBLEY1802.7272.6b1d-39087017795040pp123-190.pdf,32,arban-20,
arban,p155,155,IMSLP180030-SIBLEY1802.7272.6b1d-39087017795040pp123-190.pdf,33,arban-20,
arban,p156,156,IMSLP180030-SIBLEY1802.7272.6b1d-39087017795040pp123-190.pdf,34,arban-20,
arban,p157,157,IMSLP180030-SIBLEY1802.7272.6b1d-39087017795040pp123-190.pdf,35,arban-20,
arban,p158,158,IMSLP180030-SIBLEY1802.7272.6b1d-39087017795040pp123-190.pdf,36,arban-20,
arban,p159,159,IMSLP180030-SIBLEY1802.7272.6b1d-39087017795040pp123-190.pdf,37,arban-20,
arban,p160,160,IMSLP180030-SIBLEY1802.7272.6b1d-39087017795040pp123-190.pdf,38,arban-20,
arban,p161,161,IMSLP180030-SIBLEY1802.7272.6b1d-39087017795040pp123-190.pdf,39,arban-21,
arban,p162,162,IMSLP180030-SIBLEY1802.7272.6b1d-39087017795040pp123-190.pdf,40,arban-21,
arban,p163,163,IMSLP180030-SIBLEY1802.7272.6b1d-39087017795040pp123-190.pdf,41,arban-21,
arban,p164,164,IMSLP180030-SIBLEY1802.7272.6b1d-39087017795040pp123-190.pdf,42,arban-21,
arban,p165,165,IMSLP180030-SIBLEY1802.7272.6b1d-39087017795040pp123-190.pdf,43,arban-21,
arban,p166,166,IMSLP180030-SIBLEY1802.7272.6b1d-39087017795040pp123-190.pdf,44,arban-21,
arban,p167,167,IMSLP180030-SIBLEY1802.7272.6b1d-39087017795040pp123-190.pdf,45,arban-21,
arban,p168,168,IMSLP180030-SIBLEY1802.7272.6b1d-39087017795040pp123-190.pdf,46,arban-21,
arban,p169,169,IMSLP180030-SIBLEY1802.7272.6b1d-39087017795040pp123-190.pdf,47,arban-21,
arban,p170,170,IMSLP180030-SIBLEY1802.7272.6b1d-39087017795040pp123-190.pdf,48,arban-21,
arban,p171,171,IMSLP180030-SIBLEY1802.7272.6b1d-39087017795040pp123-190.pdf,49,arban-22,
arban,p172,172,IMSLP180030-SIBLEY1802.7272.6b1d-39087017795040pp123-190.pdf,50,arban-22,
arban,p173,173,IMSLP180030-SIBLEY1802.7272.6b1d-39087017795040pp123-190.pdf,51,arban-22,
arban,p174,174,IMSLP180030-SIBLEY1802.7272.6b1d-39087017795040pp123-190.pdf,52,arban-22,
arban,p175,175,IMSLP180030-SIBLEY1802.7272.6b1d-39087017795040pp123-190.pdf,53,arban-22,
arban,p176,176,IMSLP180030-SIBLEY1802.7272.6b1d-39087017795040pp123-190.pdf,54,arban-22,
arban,p177,177,IMSLP180030-SIBLEY1802.7272.6b1d-39087017795040pp123-190.pdf,55,arban-22,
arban,p178,178,IMSLP180030-SIBLEY1802.7272.6b1d-39087017795040pp123-190.pdf,56,arban-22,
arban,p179,179,IMSLP180030-SIBLEY1802.7272.6b1d-39087017795040pp123-190.pdf,57,arban-22,
arban,p180,180,IMSLP180030-SIBLEY1802.7272.6b1d-39087017795040pp123-190.pdf,58,arban-22,
arban,p181,181,IMSLP180030-SIBLEY1802.7272.6b1d-39087017795040pp123-190.pdf,59,arban-23,
arban,p182,182,IMSLP180030-SIBLEY1802.7272.6b1d-39087017795040pp123-190.pdf,60,arban-23,
arban,p183,183,IMSLP180030-SIBLEY1802.7272.6b1d-39087017795040pp123-190.pdf,61,arban-23,
arban,p184,184,IMSLP180030-SIBLEY1802.7272.6b1d-39087017795040pp123-190.pdf,62,arban-23,
arban,p185,185,IMSLP180030-SIBLEY1802.7272.6b1d-39087017795040pp123-190.pdf,63,arban-23,
arban,p186,186,IMSLP180030-SIBLEY1802.7272.6b1d-39087017795040pp123-190.pdf,64,arban-23,
arban,p187,187,IMSLP180030-SIBLEY1802.7272.6b1d-39087017795040pp123-190.pdf,65,arban-23,
arban,p188,188,IMSLP180030-SIBLEY1802.7272.6b1d-39087017795040pp123-190.pdf,66,arban-23,
arban,p189,189,IMSLP180030-SIBLEY1802.7272.6b1d-39087017795040pp123-190.pdf,67,arban-23,
arban,p190,190,IMSLP180030-SIBLEY1802.7272.6b1d-39087017795040pp123-190.pdf,68,arban-23,
arban,p191,191,IMSLP180031-SIBLEY1802.7272.e604-39087017795040pp191-282.pdf,1,arban-24,The Art of Phrasing begins
arban,p192,192,IMSLP180031-SIBLEY1802.7272.e604-39087017795040pp191-282.pdf,2,arban-24,
arban,p193,193,IMSLP180031-SIBLEY1802.7272.e604-39087017795040pp191-282.pdf,3,arban-24,
arban,p194,194,IMSLP180031-SIBLEY1802.7272.e604-39087017795040pp191-282.pdf,4,arban-24,
arban,p195,195,IMSLP180031-SIBLEY1802.7272.e604-39087017795040pp191-282.pdf,5,arban-24,
arban,p196,196,IMSLP180031-SIBLEY1802.7272.e604-39087017795040pp191-282.pdf,6,arban-24,
arban,p197,197,IMSLP180031-SIBLEY1802.7272.e604-39087017795040pp191-282.pdf,7,arban-24,
arban,p198,198,IMSLP180031-SIBLEY1802.7272.e604-39087017795040pp191-282.pdf,8,arban-24,
arban,p199,199,IMSLP180031-SIBLEY1802.7272.e604-39087017795040pp191-282.pdf,9,arban-24,
arban,p200,200,IMSLP180031-SIBLEY1802.7272.e604-39087017795040pp191-282.pdf,10,arban-24,
arban,p201,201,IMSLP180031-SIBLEY1802.7272.e604-39087017795040pp191-282.pdf,11,arban-24,
arban,p202,202,IMSLP180031-SIBLEY1802.7272.e604-39087017795040pp191-282.pdf,12,arban-24,
arban,p203,203,IMSLP180031-SIBLEY1802.7272.e604-39087017795040pp191-282.pdf,13,arban-25,
arban,p204,204,IMSLP180031-SIBLEY1802.7272.e604-39087017795040pp191-282.pdf,14,arban-25,
arban,p205,205,IMSLP180031-SIBLEY1802.7272.e604-39087017795040pp191-282.pdf,15,arban-25,
arban,p206,206,IMSLP180031-SIBLEY1802.7272.e604-39087017795040pp191-282.pdf,16,arban-25,
arban,p207,207,IMSLP180031-SIBLEY1802.7272.e604-39087017795040pp191-282.pdf,17,arban-25,
arban,p208,208,IMSLP180031-SIBLEY1802.7272.e604-39087017795040pp191-282.pdf,18,arban-25,
arban,p209,209,IMSLP180031-SIBLEY1802.7272.e604-39087017795040pp191-282.pdf,19,arban-25,
arban,p210,210,IMSLP180031-SIBLEY1802.7272.e604-39087017795040pp191-282.pdf,20,arban-25,
arban,p211,211,IMSLP180031-SIBLEY1802.7272.e604-39087017795040pp191-282.pdf,21,arban-25,
arban,p212,212,IMSLP180031-SIBLEY1802.7272.e604-39087017795040pp191-282.pdf,22,arban-25,
arban,p213,213,IMSLP180031-SIBLEY1802.7272.e604-39087017795040pp191-282.pdf,23,arban-25,
arban,p214,214,IMSLP180031-SIBLEY1802.7272.e604-39087017795040pp191-282.pdf,24,arban-25,
arban,p215,215,IMSLP180031-SIBLEY1802.7272.e604-39087017795040pp191-282.pdf,25,arban-26,
arban,p216,216,IMSLP180031-SIBLEY1802.7272.e604-39087017795040pp191-282.pdf,26,arban-26,
arban,p217,217,IMSLP180031-SIBLEY1802.7272.e604-39087017795040pp191-282.pdf,27,arban-26,
arban,p218,218,IMSLP180031-SIBLEY1802.7272.e604-39087017795040pp191-282.pdf,28,arban-26,
arban,p219,219,IMSLP180031-SIBLEY1802.7272.e604-39087017795040pp191-282.pdf,29,arban-26,
arban,p220,220,IMSLP180031-SIBLEY1802.7272.e604-39087017795040pp191-282.pdf,30,arban-26,
arban,p221,221,IMSLP180031-SIBLEY1802.7272.e604-39087017795040pp191-282.pdf,31,arban-26,
arban,p222,222,IMSLP180031-SIBLEY1802.7272.e604-39087017795040pp191-282.pdf,32,arban-26,
arban,p223,223,IMSLP180031-SIBLEY1802.7272.e604-39087017795040pp191-282.pdf,33,arban-26,
arban,p224,224,IMSLP180031-SIBLEY1802.7272.e604-39087017795040pp191-282.pdf,34,arban-26,
arban,p225,225,IMSLP180031-SIBLEY1802.7272.e604-39087017795040pp191-282.pdf,35,arban-26,
arban,p226,226,IMSLP180031-SIBLEY1802.7272.e604-39087017795040pp191-282.pdf,36,arban-26,
arban,p227,227,IMSLP180031-SIBLEY1802.7272.e604-39087017795040pp191-282.pdf,37,arban-27,
arban,p228,228,IMSLP180031-SIBLEY1802.7272.e604-39087017795040pp191-282.pdf,38,arban-27,
arban,p229,229,IMSLP180031-SIBLEY1802.7272.e604-39087017795040pp191-282.pdf,39,arban-27,
arban,p230,230,IMSLP180031-SIBLEY1802.7272.e604-39087017795040pp191-282.pdf,40,arban-27,
arban,p231,231,IMSLP180031-SIBLEY1802.7272.e604-39087017795040pp191-282.pdf,41,arban-27,
arban,p232,232,IMSLP180031-SIBLEY1802.7272.e604-39087017795040pp191-282.pdf,42,arban-27,
arban,p233,233,IMSLP180031-SIBLEY1802.7272.e604-39087017795040pp191-282.pdf,43,arban-27,
arban,p234,234,IMSLP180031-SIBLEY1802.7272.e604-39087017795040pp191-282.pdf,44,arban-27,
arban,p235,235,IMSLP180031-SIBLEY1802.7272.e604-39087017795040pp191-282.pdf,45,arban-27,
arban,p236,236,IMSLP180031-SIBLEY1802.7272.e604-39087017795040pp191-282.pdf,46,arban-27,
arban,p237,237,IMSLP180031-SIBLEY1802.7272.e604-39087017795040pp191-282.pdf,47,arban-27,
arban,p238,238,IMSLP180031-SIBLEY1802.7272.e604-39087017795040pp191-282.pdf,48,arban-27,
arban,p239,239,IMSLP180031-SIBLEY1802.7272.e604-39087017795040pp191-282.pdf,49,arban-28,
arban,p240,240,IMSLP180031-SIBLEY1802.7272.e604-39087017795040pp191-282.pdf,50,arban-28,
arban,p241,241,IMSLP180031-SIBLEY1802.7272.e604-39087017795040pp191-282.pdf,51,arban-28,
arban,p242,242,IMSLP180031-SIBLEY1802.7272.e604-39087017795040pp191-282.pdf,52,arban-28,
arban,p243,243,IMSLP180031-SIBLEY1802.7272.e604-39087017795040pp191-282.pdf,53,arban-28,
arban,p244,244,IMSLP180031-SIBLEY1802.7272.e604-39087017795040pp191-282.pdf,54,arban-28,
arban,p245,245,IMSLP180031-SIBLEY1802.7272.e604-39087017795040pp191-282.pdf,55,arban-28,
arban,p246,246,IMSLP180031-SIBLEY1802.7272.e604-39087017795040pp191-282.pdf,56,arban-29,Sixty-eight Duets begin (two staves)
arban,p247,247,IMSLP180031-SIBLEY1802.7272.e604-39087017795040pp191-282.pdf,57,arban-29,
arban,p248,248,IMSLP180031-SIBLEY1802.7272.e604-39087017795040pp191-282.pdf,58,arban-29,
arban,p249,249,IMSLP180031-SIBLEY1802.7272.e604-39087017795040pp191-282.pdf,59,arban-29,
arban,p250,250,IMSLP180031-SIBLEY1802.7272.e604-39087017795040pp191-282.pdf,60,arban-29,
arban,p251,251,IMSLP180031-SIBLEY1802.7272.e604-39087017795040pp191-282.pdf,61,arban-29,
arban,p252,252,IMSLP180031-SIBLEY1802.7272.e604-39087017795040pp191-282.pdf,62,arban-29,
arban,p253,253,IMSLP180031-SIBLEY1802.7272.e604-39087017795040pp191-282.pdf,63,arban-29,
arban,p254,254,IMSLP180031-SIBLEY1802.7272.e604-39087017795040pp191-282.pdf,64,arban-29,
arban,p255,255,IMSLP180031-SIBLEY1802.7272.e604-39087017795040pp191-282.pdf,65,arban-29,
arban,p256,256,IMSLP180031-SIBLEY1802.7272.e604-39087017795040pp191-282.pdf,66,arban-30,
arban,p257,257,IMSLP180031-SIBLEY1802.7272.e604-39087017795040pp191-282.pdf,67,arban-30,
arban,p258,258,IMSLP180031-SIBLEY1802.7272.e604-39087017795040pp191-282.pdf,68,arban-30,
arban,p259,259,IMSLP180031-SIBLEY1802.7272.e604-39087017795040pp191-282.pdf,69,arban-30,
arban,p260,260,IMSLP180031-SIBLEY1802.7272.e604-39087017795040pp191-282.pdf,70,arban-30,
arban,p261,261,IMSLP180031-SIBLEY1802.7272.e604-39087017795040pp191-282.pdf,71,arban-30,
arban,p262,262,IMSLP180031-SIBLEY1802.7272.e604-39087017795040pp191-282.pdf,72,arban-30,
arban,p263,263,IMSLP180031-SIBLEY1802.7272.e604-39087017795040pp191-282.pdf,73,arban-30,
arban,p264,264,IMSLP180031-SIBLEY1802.7272.e604-39087017795040pp191-282.pdf,74,arban-30,
arban,p265,265,IMSLP180031-SIBLEY1802.7272.e604-39087017795040pp191-282.pdf,75,arban-31,
arban,p266,266,IMSLP180031-SIBLEY1802.7272.e604-39087017795040pp191-282.pdf,76,arban-31,
arban,p267,267,IMSLP180031-SIBLEY1802.7272.e604-39087017795040pp191-282.pdf,77,arban-31,
arban,p268,268,IMSLP180031-SIBLEY1802.7272.e604-39087017795040pp191-282.pdf,78,arban-31,
arban,p269,269,IMSLP180031-SIBLEY1802.7272.e604-39087017795040pp191-282.pdf,79,arban-31,
arban,p270,270,IMSLP180031-SIBLEY1802.7272.e604-39087017795040pp191-282.pdf,80,arban-31,
arban,p271,271,IMSLP180031-SIBLEY1802.7272.e604-39087017795040pp191-282.pdf,81,arban-31,
arban,p272,272,IMSLP180031-SIBLEY1802.7272.e604-39087017795040pp191-282.pdf,82,arban-31,
arban,p273,273,IMSLP180031-SIBLEY1802.7272.e604-39087017795040pp191-282.pdf,83,arban-31,
arban,p274,274,IMSLP180031-SIBLEY1802.7272.e604-39087017795040pp191-282.pdf,84,arban-32,
arban,p275,275,IMSLP180031-SIBLEY1802.7272.e604-39087017795040pp191-282.pdf,85,arban-32,
arban,p276,276,IMSLP180031-SIBLEY1802.7272.e604-39087017795040pp191-282.pdf,86,arban-32,
arban,p277,277,IMSLP180031-SIBLEY1802.7272.e604-39087017795040pp191-282.pdf,87,arban-32,
arban,p278,278,IMSLP180031-SIBLEY1802.7272.e604-39087017795040pp191-282.pdf,88,arban-32,
arban,p279,279,IMSLP180031-SIBLEY1802.7272.e604-39087017795040pp191-282.pdf,89,arban-32,
arban,p280,280,IMSLP180031-SIBLEY1802.7272.e604-39087017795040pp191-282.pdf,90,arban-32,
arban,p281,281,IMSLP180031-SIBLEY1802.7272.e604-39087017795040pp191-282.pdf,91,arban-32,
arban,p282,282,IMSLP180031-SIBLEY1802.7272.e604-39087017795040pp191-282.pdf,92,arban-32,
arban,p283,283,IMSLP180032-SIBLEY1802.7272.c9b6-39087017795040pp283-347.pdf,1,arban-33,
arban,p284,284,IMSLP180032-SIBLEY1802.7272.c9b6-39087017795040pp283-347.pdf,2,arban-33,
arban,p285,285,IMSLP180032-SIBLEY1802.7272.c9b6-39087017795040pp283-347.pdf,3,arban-33,
arban,p286,286,IMSLP180032-SIBLEY1802.7272.c9b6-39087017795040pp283-347.pdf,4,arban-33,
arban,p287,287,IMSLP180032-SIBLEY1802.7272.c9b6-39087017795040pp283-347.pdf,5,arban-33,
arban,p288,288,IMSLP180032-SIBLEY1802.7272.c9b6-39087017795040pp283-347.pdf,6,arban-33,
arban,p289,289,IMSLP180032-SIBLEY1802.7272.c9b6-39087017795040pp283-347.pdf,7,arban-33,
arban,p290,290,IMSLP180032-SIBLEY1802.7272.c9b6-39087017795040pp283-347.pdf,8,arban-33,
arban,p291,291,IMSLP180032-SIBLEY1802.7272.c9b6-39087017795040pp283-347.pdf,9,arban-33,
arban,p292,292,IMSLP180032-SIBLEY1802.7272.c9b6-39087017795040pp283-347.pdf,10,arban-33,
arban,p293,293,IMSLP180032-SIBLEY1802.7272.c9b6-39087017795040pp283-347.pdf,11,arban-34,
arban,p294,294,IMSLP180032-SIBLEY1802.7272.c9b6-39087017795040pp283-347.pdf,12,arban-34,
arban,p295,295,IMSLP180032-SIBLEY1802.7272.c9b6-39087017795040pp283-347.pdf,13,arban-34,
arban,p296,296,IMSLP180032-SIBLEY1802.7272.c9b6-39087017795040pp283-347.pdf,14,arban-34,
arban,p297,297,IMSLP180032-SIBLEY1802.7272.c9b6-39087017795040pp283-347.pdf,15,arban-34,
arban,p298,298,IMSLP180032-SIBLEY1802.7272.c9b6-39087017795040pp283-347.pdf,16,arban-34,
arban,p299,299,IMSLP180032-SIBLEY1802.7272.c9b6-39087017795040pp283-347.pdf,17,arban-34,
arban,p300,300,IMSLP180032-SIBLEY1802.7272.c9b6-39087017795040pp283-347.pdf,18,arban-34,Twelve Celebrated Fantaisies: title and contents
arban,p301,301,IMSLP180032-SIBLEY1802.7272.c9b6-39087017795040pp283-347.pdf,19,arban-35,
arban,p302,302,IMSLP180032-SIBLEY1802.7272.c9b6-39087017795040pp283-347.pdf,20,arban-35,
arban,p303,303,IMSLP180032-SIBLEY1802.7272.c9b6-39087017795040pp283-347.pdf,21,arban-35,
arban,p304,304,IMSLP180032-SIBLEY1802.7272.c9b6-39087017795040pp283-347.pdf,22,arban-35,
arban,p305,305,IMSLP180032-SIBLEY1802.7272.c9b6-39087017795040pp283-347.pdf,23,arban-35,
arban,p306,306,IMSLP180032-SIBLEY1802.7272.c9b6-39087017795040pp283-347.pdf,24,arban-35,
arban,p307,307,IMSLP180032-SIBLEY1802.7272.c9b6-39087017795040pp283-347.pdf,25,arban-35,
arban,p308,308,IMSLP180032-SIBLEY1802.7272.c9b6-39087017795040pp283-347.pdf,26,arban-35,
arban,p309,309,IMSLP180032-SIBLEY1802.7272.c9b6-39087017795040pp283-347.pdf,27,arban-36,
arban,p310,310,IMSLP180032-SIBLEY1802.7272.c9b6-39087017795040pp283-347.pdf,28,arban-36,
arban,p311,311,IMSLP180032-SIBLEY1802.7272.c9b6-39087017795040pp283-347.pdf,29,arban-36,
arban,p312,312,IMSLP180032-SIBLEY1802.7272.c9b6-39087017795040pp283-347.pdf,30,arban-36,
arban,p313,313,IMSLP180032-SIBLEY1802.7272.c9b6-39087017795040pp283-347.pdf,31,arban-36,
arban,p314,314,IMSLP180032-SIBLEY1802.7272.c9b6-39087017795040pp283-347.pdf,32,arban-36,
arban,p315,315,IMSLP180032-SIBLEY1802.7272.c9b6-39087017795040pp283-347.pdf,33,arban-36,
arban,p316,316,IMSLP180032-SIBLEY1802.7272.c9b6-39087017795040pp283-347.pdf,34,arban-36,
arban,p317,317,IMSLP180032-SIBLEY1802.7272.c9b6-39087017795040pp283-347.pdf,35,arban-37,
arban,p318,318,IMSLP180032-SIBLEY1802.7272.c9b6-39087017795040pp283-347.pdf,36,arban-37,
arban,p319,319,IMSLP180032-SIBLEY1802.7272.c9b6-39087017795040pp283-347.pdf,37,arban-37,
arban,p320,320,IMSLP180032-SIBLEY1802.7272.c9b6-39087017795040pp283-347.pdf,38,arban-37,
arban,p321,321,IMSLP180032-SIBLEY1802.7272.c9b6-39087017795040pp283-347.pdf,39,arban-37,
arban,p322,322,IMSLP180032-SIBLEY1802.7272.c9b6-39087017795040pp283-347.pdf,40,arban-37,
arban,p323,323,IMSLP180032-SIBLEY1802.7272.c9b6-39087017795040pp283-347.pdf,41,arban-37,
arban,p324,324,IMSLP180032-SIBLEY1802.7272.c9b6-39087017795040pp283-347.pdf,42,arban-37,
arban,p325,325,IMSLP180032-SIBLEY1802.7272.c9b6-39087017795040pp283-347.pdf,43,arban-38,
arban,p326,326,IMSLP180032-SIBLEY1802.7272.c9b6-39087017795040pp283-347.pdf,44,arban-38,
arban,p327,327,IMSLP180032-SIBLEY1802.7272.c9b6-39087017795040pp283-347.pdf,45,arban-38,
arban,p328,328,IMSLP180032-SIBLEY1802.7272.c9b6-39087017795040pp283-347.pdf,46,arban-38,
arban,p329,329,IMSLP180032-SIBLEY1802.7272.c9b6-39087017795040pp283-347.pdf,47,arban-38,
arban,p330,330,IMSLP180032-SIBLEY1802.7272.c9b6-39087017795040pp283-347.pdf,48,arban-38,
arban,p331,331,IMSLP180032-SIBLEY1802.7272.c9b6-39087017795040pp283-347.pdf,49,arban-38,
arban,p332,332,IMSLP180032-SIBLEY1802.7272.c9b6-39087017795040pp283-347.pdf,50,arban-38,
arban,p333,333,IMSLP180032-SIBLEY1802.7272.c9b6-39087017795040pp283-347.pdf,51,arban-39,
arban,p334,334,IMSLP180032-SIBLEY1802.7272.c9b6-39087017795040pp283-347.pdf,52,arban-39,
arban,p335,335,IMSLP180032-SIBLEY1802.7272.c9b6-39087017795040pp283-347.pdf,53,arban-39,
arban,p336,336,IMSLP180032-SIBLEY1802.7272.c9b6-39087017795040pp283-347.pdf,54,arban-39,
arban,p337,337,IMSLP180032-SIBLEY1802.7272.c9b6-39087017795040pp283-347.pdf,55,arban-39,
arban,p338,338,IMSLP180032-SIBLEY1802.7272.c9b6-39087017795040pp283-347.pdf,56,arban-39,
arban,p339,339,IMSLP180032-SIBLEY1802.7272.c9b6-39087017795040pp283-347.pdf,57,arban-39,
arban,p340,340,IMSLP180032-SIBLEY1802.7272.c9b6-39087017795040pp283-347.pdf,58,arban-39,
arban,p341,341,IMSLP180032-SIBLEY1802.7272.c9b6-39087017795040pp283-347.pdf,59,arban-40,
arban,p342,342,IMSLP180032-SIBLEY1802.7272.c9b6-39087017795040pp283-347.pdf,60,arban-40,
arban,p343,343,IMSLP180032-SIBLEY1802.7272.c9b6-39087017795040pp283-347.pdf,61,arban-40,
arban,p344,344,IMSLP180032-SIBLEY1802.7272.c9b6-39087017795040pp283-347.pdf,62,arban-40,
arban,p345,345,IMSLP180032-SIBLEY1802.7272.c9b6-39087017795040pp283-347.pdf,63,arban-40,
arban,p346,346,IMSLP180032-SIBLEY1802.7272.c9b6-39087017795040pp283-347.pdf,64,arban-40,
arban,p347,347,IMSLP180032-SIBLEY1802.7272.c9b6-39087017795040pp283-347.pdf,65,arban-40,
clarke,f01,,IMSLP340778-SIBLEY1802.28663.653c-MT445.C598_T25_1912.pdf,1,clarke-01,front cover
clarke,f02,,IMSLP340778-SIBLEY1802.28663.653c-MT445.C598_T25_1912.pdf,2,clarke-01,blank
clarke,f03,,IMSLP340778-SIBLEY1802.28663.653c-MT445.C598_T25_1912.pdf,3,clarke-01,blank
clarke,p001,[1],IMSLP340778-SIBLEY1802.28663.653c-MT445.C598_T25_1912.pdf,4,clarke-01,title page
clarke,p002,[2],IMSLP340778-SIBLEY1802.28663.653c-MT445.C598_T25_1912.pdf,5,clarke-01,blank
clarke,p003,[3],IMSLP340778-SIBLEY1802.28663.653c-MT445.C598_T25_1912.pdf,6,clarke-01,introduction
clarke,p004,[4],IMSLP340778-SIBLEY1802.28663.653c-MT445.C598_T25_1912.pdf,7,clarke-01,blank
clarke,p005,5,IMSLP340778-SIBLEY1802.28663.653c-MT445.C598_T25_1912.pdf,8,clarke-01,
clarke,p006,6,IMSLP340778-SIBLEY1802.28663.653c-MT445.C598_T25_1912.pdf,9,clarke-01,
clarke,p007,7,IMSLP340778-SIBLEY1802.28663.653c-MT445.C598_T25_1912.pdf,10,clarke-01,
clarke,p008,8,IMSLP340778-SIBLEY1802.28663.653c-MT445.C598_T25_1912.pdf,11,clarke-01,
clarke,p009,9,IMSLP340778-SIBLEY1802.28663.653c-MT445.C598_T25_1912.pdf,12,clarke-02,
clarke,p010,10,IMSLP340778-SIBLEY1802.28663.653c-MT445.C598_T25_1912.pdf,13,clarke-02,
clarke,p011,11,IMSLP340778-SIBLEY1802.28663.653c-MT445.C598_T25_1912.pdf,14,clarke-02,
clarke,p012,12,IMSLP340778-SIBLEY1802.28663.653c-MT445.C598_T25_1912.pdf,15,clarke-02,
clarke,p013,13,IMSLP340778-SIBLEY1802.28663.653c-MT445.C598_T25_1912.pdf,16,clarke-02,
clarke,p014,14,IMSLP340778-SIBLEY1802.28663.653c-MT445.C598_T25_1912.pdf,17,clarke-02,
clarke,p015,15,IMSLP340778-SIBLEY1802.28663.653c-MT445.C598_T25_1912.pdf,18,clarke-02,
clarke,p016,16,IMSLP340778-SIBLEY1802.28663.653c-MT445.C598_T25_1912.pdf,19,clarke-02,
clarke,p017,17,IMSLP340778-SIBLEY1802.28663.653c-MT445.C598_T25_1912.pdf,20,clarke-02,
clarke,p018,18,IMSLP340778-SIBLEY1802.28663.653c-MT445.C598_T25_1912.pdf,21,clarke-03,
clarke,p019,19,IMSLP340778-SIBLEY1802.28663.653c-MT445.C598_T25_1912.pdf,22,clarke-03,
clarke,p020,20,IMSLP340778-SIBLEY1802.28663.653c-MT445.C598_T25_1912.pdf,23,clarke-03,
clarke,p021,21,IMSLP340778-SIBLEY1802.28663.653c-MT445.C598_T25_1912.pdf,24,clarke-03,
clarke,p022,22,IMSLP340778-SIBLEY1802.28663.653c-MT445.C598_T25_1912.pdf,25,clarke-03,
clarke,p023,23,IMSLP340778-SIBLEY1802.28663.653c-MT445.C598_T25_1912.pdf,26,clarke-03,
clarke,p024,24,IMSLP340778-SIBLEY1802.28663.653c-MT445.C598_T25_1912.pdf,27,clarke-03,
clarke,p025,25,IMSLP340778-SIBLEY1802.28663.653c-MT445.C598_T25_1912.pdf,28,clarke-03,
clarke,p026,26,IMSLP340778-SIBLEY1802.28663.653c-MT445.C598_T25_1912.pdf,29,clarke-03,
clarke,p027,27,IMSLP340778-SIBLEY1802.28663.653c-MT445.C598_T25_1912.pdf,30,clarke-04,
clarke,p028,28,IMSLP340778-SIBLEY1802.28663.653c-MT445.C598_T25_1912.pdf,31,clarke-04,
clarke,p029,29,IMSLP340778-SIBLEY1802.28663.653c-MT445.C598_T25_1912.pdf,32,clarke-04,
clarke,p030,30,IMSLP340778-SIBLEY1802.28663.653c-MT445.C598_T25_1912.pdf,33,clarke-04,
clarke,p031,31,IMSLP340778-SIBLEY1802.28663.653c-MT445.C598_T25_1912.pdf,34,clarke-04,
clarke,p032,32,IMSLP340778-SIBLEY1802.28663.653c-MT445.C598_T25_1912.pdf,35,clarke-04,
clarke,p033,33,IMSLP340778-SIBLEY1802.28663.653c-MT445.C598_T25_1912.pdf,36,clarke-04,
clarke,p034,34,IMSLP340778-SIBLEY1802.28663.653c-MT445.C598_T25_1912.pdf,37,clarke-04,
clarke,p035,35,IMSLP340778-SIBLEY1802.28663.653c-MT445.C598_T25_1912.pdf,38,clarke-04,
clarke,p036,36,IMSLP340778-SIBLEY1802.28663.653c-MT445.C598_T25_1912.pdf,39,clarke-05,
clarke,p037,37,IMSLP340778-SIBLEY1802.28663.653c-MT445.C598_T25_1912.pdf,40,clarke-05,
clarke,p038,38,IMSLP340778-SIBLEY1802.28663.653c-MT445.C598_T25_1912.pdf,41,clarke-05,
clarke,p039,39,IMSLP340778-SIBLEY1802.28663.653c-MT445.C598_T25_1912.pdf,42,clarke-05,
clarke,p040,40,IMSLP340778-SIBLEY1802.28663.653c-MT445.C598_T25_1912.pdf,43,clarke-05,
clarke,p041,41,IMSLP340778-SIBLEY1802.28663.653c-MT445.C598_T25_1912.pdf,44,clarke-05,
clarke,p042,42,IMSLP340778-SIBLEY1802.28663.653c-MT445.C598_T25_1912.pdf,45,clarke-05,
clarke,p043,43,IMSLP340778-SIBLEY1802.28663.653c-MT445.C598_T25_1912.pdf,46,clarke-05,
clarke,p044,44,IMSLP340778-SIBLEY1802.28663.653c-MT445.C598_T25_1912.pdf,47,clarke-05,
clarke,p045,45,IMSLP340778-SIBLEY1802.28663.653c-MT445.C598_T25_1912.pdf,48,clarke-06,
clarke,p046,46,IMSLP340778-SIBLEY1802.28663.653c-MT445.C598_T25_1912.pdf,49,clarke-06,
clarke,p047,47,IMSLP340778-SIBLEY1802.28663.653c-MT445.C598_T25_1912.pdf,50,clarke-06,
clarke,p048,48,IMSLP340778-SIBLEY1802.28663.653c-MT445.C598_T25_1912.pdf,51,clarke-06,
clarke,p049,49,IMSLP340778-SIBLEY1802.28663.653c-MT445.C598_T25_1912.pdf,52,clarke-06,
clarke,p050,50,IMSLP340778-SIBLEY1802.28663.653c-MT445.C598_T25_1912.pdf,53,clarke-06,
clarke,p051,51,IMSLP340778-SIBLEY1802.28663.653c-MT445.C598_T25_1912.pdf,54,clarke-06,
clarke,p052,52,IMSLP340778-SIBLEY1802.28663.653c-MT445.C598_T25_1912.pdf,55,clarke-06,
clarke,p053,53,IMSLP340778-SIBLEY1802.28663.653c-MT445.C598_T25_1912.pdf,56,clarke-06,
clarke,z01,,IMSLP340778-SIBLEY1802.28663.653c-MT445.C598_T25_1912.pdf,57,clarke-06,back matter: advertisement
clarke,z02,,IMSLP340778-SIBLEY1802.28663.653c-MT445.C598_T25_1912.pdf,58,clarke-06,back matter: advertisement
rochut,b1-p002,[2],IMSLP971510-PMLP1519677-Rochut_-_120_Melodious_Etudes_-_Book_1.pdf,1,rochut-b1-01,
rochut,b1-p003,3,IMSLP971510-PMLP1519677-Rochut_-_120_Melodious_Etudes_-_Book_1.pdf,2,rochut-b1-01,
rochut,b1-p004,4,IMSLP971510-PMLP1519677-Rochut_-_120_Melodious_Etudes_-_Book_1.pdf,3,rochut-b1-01,
rochut,b1-p005,5,IMSLP971510-PMLP1519677-Rochut_-_120_Melodious_Etudes_-_Book_1.pdf,4,rochut-b1-01,
rochut,b1-p006,6,IMSLP971510-PMLP1519677-Rochut_-_120_Melodious_Etudes_-_Book_1.pdf,5,rochut-b1-01,
rochut,b1-p007,7,IMSLP971510-PMLP1519677-Rochut_-_120_Melodious_Etudes_-_Book_1.pdf,6,rochut-b1-01,
rochut,b1-p008,8,IMSLP971510-PMLP1519677-Rochut_-_120_Melodious_Etudes_-_Book_1.pdf,7,rochut-b1-01,
rochut,b1-p009,9,IMSLP971510-PMLP1519677-Rochut_-_120_Melodious_Etudes_-_Book_1.pdf,8,rochut-b1-01,
rochut,b1-p010,10,IMSLP971510-PMLP1519677-Rochut_-_120_Melodious_Etudes_-_Book_1.pdf,9,rochut-b1-01,
rochut,b1-p011,11,IMSLP971510-PMLP1519677-Rochut_-_120_Melodious_Etudes_-_Book_1.pdf,10,rochut-b1-01,
rochut,b1-p012,12,IMSLP971510-PMLP1519677-Rochut_-_120_Melodious_Etudes_-_Book_1.pdf,11,rochut-b1-02,
rochut,b1-p013,13,IMSLP971510-PMLP1519677-Rochut_-_120_Melodious_Etudes_-_Book_1.pdf,12,rochut-b1-02,
rochut,b1-p014,14,IMSLP971510-PMLP1519677-Rochut_-_120_Melodious_Etudes_-_Book_1.pdf,13,rochut-b1-02,
rochut,b1-p015,15,IMSLP971510-PMLP1519677-Rochut_-_120_Melodious_Etudes_-_Book_1.pdf,14,rochut-b1-02,
rochut,b1-p016,16,IMSLP971510-PMLP1519677-Rochut_-_120_Melodious_Etudes_-_Book_1.pdf,15,rochut-b1-02,
rochut,b1-p017,17,IMSLP971510-PMLP1519677-Rochut_-_120_Melodious_Etudes_-_Book_1.pdf,16,rochut-b1-02,
rochut,b1-p018,18,IMSLP971510-PMLP1519677-Rochut_-_120_Melodious_Etudes_-_Book_1.pdf,17,rochut-b1-02,
rochut,b1-p019,19,IMSLP971510-PMLP1519677-Rochut_-_120_Melodious_Etudes_-_Book_1.pdf,18,rochut-b1-02,
rochut,b1-p020,20,IMSLP971510-PMLP1519677-Rochut_-_120_Melodious_Etudes_-_Book_1.pdf,19,rochut-b1-02,
rochut,b1-p021,21,IMSLP971510-PMLP1519677-Rochut_-_120_Melodious_Etudes_-_Book_1.pdf,20,rochut-b1-02,
rochut,b1-p022,22,IMSLP971510-PMLP1519677-Rochut_-_120_Melodious_Etudes_-_Book_1.pdf,21,rochut-b1-03,
rochut,b1-p023,23,IMSLP971510-PMLP1519677-Rochut_-_120_Melodious_Etudes_-_Book_1.pdf,22,rochut-b1-03,
rochut,b1-p024,24,IMSLP971510-PMLP1519677-Rochut_-_120_Melodious_Etudes_-_Book_1.pdf,23,rochut-b1-03,
rochut,b1-p025,25,IMSLP971510-PMLP1519677-Rochut_-_120_Melodious_Etudes_-_Book_1.pdf,24,rochut-b1-03,
rochut,b1-p026,26,IMSLP971510-PMLP1519677-Rochut_-_120_Melodious_Etudes_-_Book_1.pdf,25,rochut-b1-03,
rochut,b1-p027,27,IMSLP971510-PMLP1519677-Rochut_-_120_Melodious_Etudes_-_Book_1.pdf,26,rochut-b1-03,
rochut,b1-p028,28,IMSLP971510-PMLP1519677-Rochut_-_120_Melodious_Etudes_-_Book_1.pdf,27,rochut-b1-03,
rochut,b1-p029,29,IMSLP971510-PMLP1519677-Rochut_-_120_Melodious_Etudes_-_Book_1.pdf,28,rochut-b1-03,
rochut,b1-p030,30,IMSLP971510-PMLP1519677-Rochut_-_120_Melodious_Etudes_-_Book_1.pdf,29,rochut-b1-03,
rochut,b1-p031,31,IMSLP971510-PMLP1519677-Rochut_-_120_Melodious_Etudes_-_Book_1.pdf,30,rochut-b1-03,
rochut,b1-p032,32,IMSLP971510-PMLP1519677-Rochut_-_120_Melodious_Etudes_-_Book_1.pdf,31,rochut-b1-04,
rochut,b1-p033,33,IMSLP971510-PMLP1519677-Rochut_-_120_Melodious_Etudes_-_Book_1.pdf,32,rochut-b1-04,
rochut,b1-p034,34,IMSLP971510-PMLP1519677-Rochut_-_120_Melodious_Etudes_-_Book_1.pdf,33,rochut-b1-04,
rochut,b1-p035,35,IMSLP971510-PMLP1519677-Rochut_-_120_Melodious_Etudes_-_Book_1.pdf,34,rochut-b1-04,
rochut,b1-p036,36,IMSLP971510-PMLP1519677-Rochut_-_120_Melodious_Etudes_-_Book_1.pdf,35,rochut-b1-04,
rochut,b1-p037,37,IMSLP971510-PMLP1519677-Rochut_-_120_Melodious_Etudes_-_Book_1.pdf,36,rochut-b1-04,
rochut,b1-p038,38,IMSLP971510-PMLP1519677-Rochut_-_120_Melodious_Etudes_-_Book_1.pdf,37,rochut-b1-04,
rochut,b1-p039,39,IMSLP971510-PMLP1519677-Rochut_-_120_Melodious_Etudes_-_Book_1.pdf,38,rochut-b1-04,
rochut,b1-p040,40,IMSLP971510-PMLP1519677-Rochut_-_120_Melodious_Etudes_-_Book_1.pdf,39,rochut-b1-04,
rochut,b1-p041,41,IMSLP971510-PMLP1519677-Rochut_-_120_Melodious_Etudes_-_Book_1.pdf,40,rochut-b1-04,
rochut,b1-p042,42,IMSLP971510-PMLP1519677-Rochut_-_120_Melodious_Etudes_-_Book_1.pdf,41,rochut-b1-05,
rochut,b1-p043,43,IMSLP971510-PMLP1519677-Rochut_-_120_Melodious_Etudes_-_Book_1.pdf,42,rochut-b1-05,
rochut,b1-p044,44,IMSLP971510-PMLP1519677-Rochut_-_120_Melodious_Etudes_-_Book_1.pdf,43,rochut-b1-05,
rochut,b1-p045,45,IMSLP971510-PMLP1519677-Rochut_-_120_Melodious_Etudes_-_Book_1.pdf,44,rochut-b1-05,
rochut,b1-p046,46,IMSLP971510-PMLP1519677-Rochut_-_120_Melodious_Etudes_-_Book_1.pdf,45,rochut-b1-05,
rochut,b1-p047,47,IMSLP971510-PMLP1519677-Rochut_-_120_Melodious_Etudes_-_Book_1.pdf,46,rochut-b1-05,
rochut,b1-p048,48,IMSLP971510-PMLP1519677-Rochut_-_120_Melodious_Etudes_-_Book_1.pdf,47,rochut-b1-05,
rochut,b1-p049,49,IMSLP971510-PMLP1519677-Rochut_-_120_Melodious_Etudes_-_Book_1.pdf,48,rochut-b1-05,
rochut,b1-p050,50,IMSLP971510-PMLP1519677-Rochut_-_120_Melodious_Etudes_-_Book_1.pdf,49,rochut-b1-05,
rochut,b1-p051,51,IMSLP971510-PMLP1519677-Rochut_-_120_Melodious_Etudes_-_Book_1.pdf,50,rochut-b1-05,
rochut,b1-p052,52,IMSLP971510-PMLP1519677-Rochut_-_120_Melodious_Etudes_-_Book_1.pdf,51,rochut-b1-06,
rochut,b1-p053,53,IMSLP971510-PMLP1519677-Rochut_-_120_Melodious_Etudes_-_Book_1.pdf,52,rochut-b1-06,
rochut,b1-p054,54,IMSLP971510-PMLP1519677-Rochut_-_120_Melodious_Etudes_-_Book_1.pdf,53,rochut-b1-06,
rochut,b1-p055,55,IMSLP971510-PMLP1519677-Rochut_-_120_Melodious_Etudes_-_Book_1.pdf,54,rochut-b1-06,
rochut,b1-p056,56,IMSLP971510-PMLP1519677-Rochut_-_120_Melodious_Etudes_-_Book_1.pdf,55,rochut-b1-06,
rochut,b1-p057,57,IMSLP971510-PMLP1519677-Rochut_-_120_Melodious_Etudes_-_Book_1.pdf,56,rochut-b1-06,
rochut,b1-p058,58,IMSLP971510-PMLP1519677-Rochut_-_120_Melodious_Etudes_-_Book_1.pdf,57,rochut-b1-06,
rochut,b1-p059,59,IMSLP971510-PMLP1519677-Rochut_-_120_Melodious_Etudes_-_Book_1.pdf,58,rochut-b1-06,
rochut,b1-p060,60,IMSLP971510-PMLP1519677-Rochut_-_120_Melodious_Etudes_-_Book_1.pdf,59,rochut-b1-06,
rochut,b1-p061,61,IMSLP971510-PMLP1519677-Rochut_-_120_Melodious_Etudes_-_Book_1.pdf,60,rochut-b1-06,
rochut,b1-p062,62,IMSLP971510-PMLP1519677-Rochut_-_120_Melodious_Etudes_-_Book_1.pdf,61,rochut-b1-07,
rochut,b1-p063,63,IMSLP971510-PMLP1519677-Rochut_-_120_Melodious_Etudes_-_Book_1.pdf,62,rochut-b1-07,
rochut,b1-p064,64,IMSLP971510-PMLP1519677-Rochut_-_120_Melodious_Etudes_-_Book_1.pdf,63,rochut-b1-07,
rochut,b1-p065,65,IMSLP971510-PMLP1519677-Rochut_-_120_Melodious_Etudes_-_Book_1.pdf,64,rochut-b1-07,
rochut,b1-p066,66,IMSLP971510-PMLP1519677-Rochut_-_120_Melodious_Etudes_-_Book_1.pdf,65,rochut-b1-07,
rochut,b1-p067,67,IMSLP971510-PMLP1519677-Rochut_-_120_Melodious_Etudes_-_Book_1.pdf,66,rochut-b1-07,
rochut,b1-p068,68,IMSLP971510-PMLP1519677-Rochut_-_120_Melodious_Etudes_-_Book_1.pdf,67,rochut-b1-07,
rochut,b1-p069,69,IMSLP971510-PMLP1519677-Rochut_-_120_Melodious_Etudes_-_Book_1.pdf,68,rochut-b1-07,
rochut,b1-p070,70,IMSLP971510-PMLP1519677-Rochut_-_120_Melodious_Etudes_-_Book_1.pdf,69,rochut-b1-07,
rochut,b1-p071,71,IMSLP971510-PMLP1519677-Rochut_-_120_Melodious_Etudes_-_Book_1.pdf,70,rochut-b1-07,
rochut,b1-p072,72,IMSLP971510-PMLP1519677-Rochut_-_120_Melodious_Etudes_-_Book_1.pdf,71,rochut-b1-08,
rochut,b1-p073,73,IMSLP971510-PMLP1519677-Rochut_-_120_Melodious_Etudes_-_Book_1.pdf,72,rochut-b1-08,
rochut,b1-p074,74,IMSLP971510-PMLP1519677-Rochut_-_120_Melodious_Etudes_-_Book_1.pdf,73,rochut-b1-08,
rochut,b1-p075,75,IMSLP971510-PMLP1519677-Rochut_-_120_Melodious_Etudes_-_Book_1.pdf,74,rochut-b1-08,
rochut,b1-p076,76,IMSLP971510-PMLP1519677-Rochut_-_120_Melodious_Etudes_-_Book_1.pdf,75,rochut-b1-08,
rochut,b1-p077,77,IMSLP971510-PMLP1519677-Rochut_-_120_Melodious_Etudes_-_Book_1.pdf,76,rochut-b1-08,
rochut,b1-p078,78,IMSLP971510-PMLP1519677-Rochut_-_120_Melodious_Etudes_-_Book_1.pdf,77,rochut-b1-08,
rochut,b1-p079,79,IMSLP971510-PMLP1519677-Rochut_-_120_Melodious_Etudes_-_Book_1.pdf,78,rochut-b1-08,
rochut,b1-p080,80,IMSLP971510-PMLP1519677-Rochut_-_120_Melodious_Etudes_-_Book_1.pdf,79,rochut-b1-08,
rochut,b1-p081,81,IMSLP971510-PMLP1519677-Rochut_-_120_Melodious_Etudes_-_Book_1.pdf,80,rochut-b1-08,
rochut,b1-p082,82,IMSLP971510-PMLP1519677-Rochut_-_120_Melodious_Etudes_-_Book_1.pdf,81,rochut-b1-09,
rochut,b1-p083,83,IMSLP971510-PMLP1519677-Rochut_-_120_Melodious_Etudes_-_Book_1.pdf,82,rochut-b1-09,
rochut,b1-p084,84,IMSLP971510-PMLP1519677-Rochut_-_120_Melodious_Etudes_-_Book_1.pdf,83,rochut-b1-09,
rochut,b1-p085,85,IMSLP971510-PMLP1519677-Rochut_-_120_Melodious_Etudes_-_Book_1.pdf,84,rochut-b1-09,
rochut,b1-p086,86,IMSLP971510-PMLP1519677-Rochut_-_120_Melodious_Etudes_-_Book_1.pdf,85,rochut-b1-09,
rochut,b1-p087,87,IMSLP971510-PMLP1519677-Rochut_-_120_Melodious_Etudes_-_Book_1.pdf,86,rochut-b1-09,
rochut,b2-p001,[1],IMSLP971511-PMLP1519677-Rochut_-_120_Melodious_Etudes_-_Book_2.pdf,1,rochut-b2-01,foreword
rochut,b2-p002,[2],IMSLP971511-PMLP1519677-Rochut_-_120_Melodious_Etudes_-_Book_2.pdf,2,rochut-b2-01,
rochut,b2-p003,3,IMSLP971511-PMLP1519677-Rochut_-_120_Melodious_Etudes_-_Book_2.pdf,3,rochut-b2-01,
rochut,b2-p004,4,IMSLP971511-PMLP1519677-Rochut_-_120_Melodious_Etudes_-_Book_2.pdf,4,rochut-b2-01,
rochut,b2-p005,5,IMSLP971511-PMLP1519677-Rochut_-_120_Melodious_Etudes_-_Book_2.pdf,5,rochut-b2-01,
rochut,b2-p006,6,IMSLP971511-PMLP1519677-Rochut_-_120_Melodious_Etudes_-_Book_2.pdf,6,rochut-b2-01,
rochut,b2-p007,7,IMSLP971511-PMLP1519677-Rochut_-_120_Melodious_Etudes_-_Book_2.pdf,7,rochut-b2-01,
rochut,b2-p008,8,IMSLP971511-PMLP1519677-Rochut_-_120_Melodious_Etudes_-_Book_2.pdf,8,rochut-b2-01,
rochut,b2-p009,9,IMSLP971511-PMLP1519677-Rochut_-_120_Melodious_Etudes_-_Book_2.pdf,9,rochut-b2-01,
rochut,b2-p010,10,IMSLP971511-PMLP1519677-Rochut_-_120_Melodious_Etudes_-_Book_2.pdf,10,rochut-b2-01,
rochut,b2-p011,11,IMSLP971511-PMLP1519677-Rochut_-_120_Melodious_Etudes_-_Book_2.pdf,11,rochut-b2-02,
rochut,b2-p012,12,IMSLP971511-PMLP1519677-Rochut_-_120_Melodious_Etudes_-_Book_2.pdf,12,rochut-b2-02,
rochut,b2-p013,13,IMSLP971511-PMLP1519677-Rochut_-_120_Melodious_Etudes_-_Book_2.pdf,13,rochut-b2-02,
rochut,b2-p014,14,IMSLP971511-PMLP1519677-Rochut_-_120_Melodious_Etudes_-_Book_2.pdf,14,rochut-b2-02,
rochut,b2-p015,15,IMSLP971511-PMLP1519677-Rochut_-_120_Melodious_Etudes_-_Book_2.pdf,15,rochut-b2-02,
rochut,b2-p016,16,IMSLP971511-PMLP1519677-Rochut_-_120_Melodious_Etudes_-_Book_2.pdf,16,rochut-b2-02,
rochut,b2-p017,17,IMSLP971511-PMLP1519677-Rochut_-_120_Melodious_Etudes_-_Book_2.pdf,17,rochut-b2-02,
rochut,b2-p018,18,IMSLP971511-PMLP1519677-Rochut_-_120_Melodious_Etudes_-_Book_2.pdf,18,rochut-b2-02,
rochut,b2-p019,19,IMSLP971511-PMLP1519677-Rochut_-_120_Melodious_Etudes_-_Book_2.pdf,19,rochut-b2-02,
rochut,b2-p020,20,IMSLP971511-PMLP1519677-Rochut_-_120_Melodious_Etudes_-_Book_2.pdf,20,rochut-b2-02,
rochut,b2-p021,21,IMSLP971511-PMLP1519677-Rochut_-_120_Melodious_Etudes_-_Book_2.pdf,21,rochut-b2-03,
rochut,b2-p022,22,IMSLP971511-PMLP1519677-Rochut_-_120_Melodious_Etudes_-_Book_2.pdf,22,rochut-b2-03,
rochut,b2-p023,23,IMSLP971511-PMLP1519677-Rochut_-_120_Melodious_Etudes_-_Book_2.pdf,23,rochut-b2-03,
rochut,b2-p024,24,IMSLP971511-PMLP1519677-Rochut_-_120_Melodious_Etudes_-_Book_2.pdf,24,rochut-b2-03,
rochut,b2-p025,25,IMSLP971511-PMLP1519677-Rochut_-_120_Melodious_Etudes_-_Book_2.pdf,25,rochut-b2-03,
rochut,b2-p026,26,IMSLP971511-PMLP1519677-Rochut_-_120_Melodious_Etudes_-_Book_2.pdf,26,rochut-b2-03,
rochut,b2-p027,27,IMSLP971511-PMLP1519677-Rochut_-_120_Melodious_Etudes_-_Book_2.pdf,27,rochut-b2-03,
rochut,b2-p028,28,IMSLP971511-PMLP1519677-Rochut_-_120_Melodious_Etudes_-_Book_2.pdf,28,rochut-b2-03,
rochut,b2-p029,29,IMSLP971511-PMLP1519677-Rochut_-_120_Melodious_Etudes_-_Book_2.pdf,29,rochut-b2-03,
rochut,b2-p030,30,IMSLP971511-PMLP1519677-Rochut_-_120_Melodious_Etudes_-_Book_2.pdf,30,rochut-b2-03,
rochut,b2-p031,31,IMSLP971511-PMLP1519677-Rochut_-_120_Melodious_Etudes_-_Book_2.pdf,31,rochut-b2-04,
rochut,b2-p032,32,IMSLP971511-PMLP1519677-Rochut_-_120_Melodious_Etudes_-_Book_2.pdf,32,rochut-b2-04,
rochut,b2-p033,33,IMSLP971511-PMLP1519677-Rochut_-_120_Melodious_Etudes_-_Book_2.pdf,33,rochut-b2-04,
rochut,b2-p034,34,IMSLP971511-PMLP1519677-Rochut_-_120_Melodious_Etudes_-_Book_2.pdf,34,rochut-b2-04,
rochut,b2-p035,35,IMSLP971511-PMLP1519677-Rochut_-_120_Melodious_Etudes_-_Book_2.pdf,35,rochut-b2-04,
rochut,b2-p036,36,IMSLP971511-PMLP1519677-Rochut_-_120_Melodious_Etudes_-_Book_2.pdf,36,rochut-b2-04,
rochut,b2-p037,37,IMSLP971511-PMLP1519677-Rochut_-_120_Melodious_Etudes_-_Book_2.pdf,37,rochut-b2-04,
rochut,b2-p038,38,IMSLP971511-PMLP1519677-Rochut_-_120_Melodious_Etudes_-_Book_2.pdf,38,rochut-b2-04,
rochut,b2-p039,39,IMSLP971511-PMLP1519677-Rochut_-_120_Melodious_Etudes_-_Book_2.pdf,39,rochut-b2-04,
rochut,b2-p040,40,IMSLP971511-PMLP1519677-Rochut_-_120_Melodious_Etudes_-_Book_2.pdf,40,rochut-b2-04,
rochut,b2-p041,41,IMSLP971511-PMLP1519677-Rochut_-_120_Melodious_Etudes_-_Book_2.pdf,41,rochut-b2-05,
rochut,b2-p042,42,IMSLP971511-PMLP1519677-Rochut_-_120_Melodious_Etudes_-_Book_2.pdf,42,rochut-b2-05,
rochut,b2-p043,43,IMSLP971511-PMLP1519677-Rochut_-_120_Melodious_Etudes_-_Book_2.pdf,43,rochut-b2-05,
rochut,b2-p044,44,IMSLP971511-PMLP1519677-Rochut_-_120_Melodious_Etudes_-_Book_2.pdf,44,rochut-b2-05,
rochut,b2-p045,45,IMSLP971511-PMLP1519677-Rochut_-_120_Melodious_Etudes_-_Book_2.pdf,45,rochut-b2-05,
rochut,b2-p046,46,IMSLP971511-PMLP1519677-Rochut_-_120_Melodious_Etudes_-_Book_2.pdf,46,rochut-b2-05,
rochut,b2-p047,47,IMSLP971511-PMLP1519677-Rochut_-_120_Melodious_Etudes_-_Book_2.pdf,47,rochut-b2-05,
rochut,b2-p048,48,IMSLP971511-PMLP1519677-Rochut_-_120_Melodious_Etudes_-_Book_2.pdf,48,rochut-b2-05,
rochut,b2-p049,49,IMSLP971511-PMLP1519677-Rochut_-_120_Melodious_Etudes_-_Book_2.pdf,49,rochut-b2-05,
rochut,b2-p050,50,IMSLP971511-PMLP1519677-Rochut_-_120_Melodious_Etudes_-_Book_2.pdf,50,rochut-b2-05,
rochut,b2-p051,51,IMSLP971511-PMLP1519677-Rochut_-_120_Melodious_Etudes_-_Book_2.pdf,51,rochut-b2-06,
rochut,b2-p052,52,IMSLP971511-PMLP1519677-Rochut_-_120_Melodious_Etudes_-_Book_2.pdf,52,rochut-b2-06,
rochut,b2-p053,53,IMSLP971511-PMLP1519677-Rochut_-_120_Melodious_Etudes_-_Book_2.pdf,53,rochut-b2-06,
rochut,b2-p054,54,IMSLP971511-PMLP1519677-Rochut_-_120_Melodious_Etudes_-_Book_2.pdf,54,rochut-b2-06,
rochut,b2-p055,55,IMSLP971511-PMLP1519677-Rochut_-_120_Melodious_Etudes_-_Book_2.pdf,55,rochut-b2-06,
rochut,b2-p056,56,IMSLP971511-PMLP1519677-Rochut_-_120_Melodious_Etudes_-_Book_2.pdf,56,rochut-b2-06,
rochut,b2-p057,57,IMSLP971511-PMLP1519677-Rochut_-_120_Melodious_Etudes_-_Book_2.pdf,57,rochut-b2-06,
rochut,b2-p058,58,IMSLP971511-PMLP1519677-Rochut_-_120_Melodious_Etudes_-_Book_2.pdf,58,rochut-b2-06,
rochut,b2-p059,59,IMSLP971511-PMLP1519677-Rochut_-_120_Melodious_Etudes_-_Book_2.pdf,59,rochut-b2-06,
rochut,b2-p060,60,IMSLP971511-PMLP1519677-Rochut_-_120_Melodious_Etudes_-_Book_2.pdf,60,rochut-b2-06,
rochut,b2-p061,61,IMSLP971511-PMLP1519677-Rochut_-_120_Melodious_Etudes_-_Book_2.pdf,61,rochut-b2-07,
rochut,b2-p062,62,IMSLP971511-PMLP1519677-Rochut_-_120_Melodious_Etudes_-_Book_2.pdf,62,rochut-b2-07,
rochut,b2-p063,63,IMSLP971511-PMLP1519677-Rochut_-_120_Melodious_Etudes_-_Book_2.pdf,63,rochut-b2-07,
rochut,b2-p064,64,IMSLP971511-PMLP1519677-Rochut_-_120_Melodious_Etudes_-_Book_2.pdf,64,rochut-b2-07,
rochut,b2-p065,65,IMSLP971511-PMLP1519677-Rochut_-_120_Melodious_Etudes_-_Book_2.pdf,65,rochut-b2-07,
rochut,b3-p002,[2],IMSLP971512-PMLP1519677-Rochut_-_120_Melodious_Etudes_-_Book_3.pdf,1,rochut-b3-01,
rochut,b3-p003,3,IMSLP971512-PMLP1519677-Rochut_-_120_Melodious_Etudes_-_Book_3.pdf,2,rochut-b3-01,
rochut,b3-p004,4,IMSLP971512-PMLP1519677-Rochut_-_120_Melodious_Etudes_-_Book_3.pdf,3,rochut-b3-01,
rochut,b3-p005,5,IMSLP971512-PMLP1519677-Rochut_-_120_Melodious_Etudes_-_Book_3.pdf,4,rochut-b3-01,
rochut,b3-p006,6,IMSLP971512-PMLP1519677-Rochut_-_120_Melodious_Etudes_-_Book_3.pdf,5,rochut-b3-01,
rochut,b3-p007,7,IMSLP971512-PMLP1519677-Rochut_-_120_Melodious_Etudes_-_Book_3.pdf,6,rochut-b3-01,
rochut,b3-p008,8,IMSLP971512-PMLP1519677-Rochut_-_120_Melodious_Etudes_-_Book_3.pdf,7,rochut-b3-01,
rochut,b3-p009,9,IMSLP971512-PMLP1519677-Rochut_-_120_Melodious_Etudes_-_Book_3.pdf,8,rochut-b3-01,
rochut,b3-p010,10,IMSLP971512-PMLP1519677-Rochut_-_120_Melodious_Etudes_-_Book_3.pdf,9,rochut-b3-01,
rochut,b3-p011,11,IMSLP971512-PMLP1519677-Rochut_-_120_Melodious_Etudes_-_Book_3.pdf,10,rochut-b3-01,
rochut,b3-p012,12,IMSLP971512-PMLP1519677-Rochut_-_120_Melodious_Etudes_-_Book_3.pdf,11,rochut-b3-02,
rochut,b3-p013,13,IMSLP971512-PMLP1519677-Rochut_-_120_Melodious_Etudes_-_Book_3.pdf,12,rochut-b3-02,
rochut,b3-p014,14,IMSLP971512-PMLP1519677-Rochut_-_120_Melodious_Etudes_-_Book_3.pdf,13,rochut-b3-02,
rochut,b3-p015,15,IMSLP971512-PMLP1519677-Rochut_-_120_Melodious_Etudes_-_Book_3.pdf,14,rochut-b3-02,
rochut,b3-p016,16,IMSLP971512-PMLP1519677-Rochut_-_120_Melodious_Etudes_-_Book_3.pdf,15,rochut-b3-02,
rochut,b3-p017,17,IMSLP971512-PMLP1519677-Rochut_-_120_Melodious_Etudes_-_Book_3.pdf,16,rochut-b3-02,
rochut,b3-p018,18,IMSLP971512-PMLP1519677-Rochut_-_120_Melodious_Etudes_-_Book_3.pdf,17,rochut-b3-02,
rochut,b3-p019,19,IMSLP971512-PMLP1519677-Rochut_-_120_Melodious_Etudes_-_Book_3.pdf,18,rochut-b3-02,
rochut,b3-p020,20,IMSLP971512-PMLP1519677-Rochut_-_120_Melodious_Etudes_-_Book_3.pdf,19,rochut-b3-02,
rochut,b3-p021,21,IMSLP971512-PMLP1519677-Rochut_-_120_Melodious_Etudes_-_Book_3.pdf,20,rochut-b3-02,
rochut,b3-p022,22,IMSLP971512-PMLP1519677-Rochut_-_120_Melodious_Etudes_-_Book_3.pdf,21,rochut-b3-03,
rochut,b3-p023,23,IMSLP971512-PMLP1519677-Rochut_-_120_Melodious_Etudes_-_Book_3.pdf,22,rochut-b3-03,
rochut,b3-p024,24,IMSLP971512-PMLP1519677-Rochut_-_120_Melodious_Etudes_-_Book_3.pdf,23,rochut-b3-03,
rochut,b3-p025,25,IMSLP971512-PMLP1519677-Rochut_-_120_Melodious_Etudes_-_Book_3.pdf,24,rochut-b3-03,
rochut,b3-p026,26,IMSLP971512-PMLP1519677-Rochut_-_120_Melodious_Etudes_-_Book_3.pdf,25,rochut-b3-03,
rochut,b3-p027,27,IMSLP971512-PMLP1519677-Rochut_-_120_Melodious_Etudes_-_Book_3.pdf,26,rochut-b3-03,
rochut,b3-p028,28,IMSLP971512-PMLP1519677-Rochut_-_120_Melodious_Etudes_-_Book_3.pdf,27,rochut-b3-03,
rochut,b3-p029,29,IMSLP971512-PMLP1519677-Rochut_-_120_Melodious_Etudes_-_Book_3.pdf,28,rochut-b3-03,
rochut,b3-p030,30,IMSLP971512-PMLP1519677-Rochut_-_120_Melodious_Etudes_-_Book_3.pdf,29,rochut-b3-03,
rochut,b3-p031,31,IMSLP971512-PMLP1519677-Rochut_-_120_Melodious_Etudes_-_Book_3.pdf,30,rochut-b3-03,
rochut,b3-p032,32,IMSLP971512-PMLP1519677-Rochut_-_120_Melodious_Etudes_-_Book_3.pdf,31,rochut-b3-04,
rochut,b3-p033,33,IMSLP971512-PMLP1519677-Rochut_-_120_Melodious_Etudes_-_Book_3.pdf,32,rochut-b3-04,
rochut,b3-p034,34,IMSLP971512-PMLP1519677-Rochut_-_120_Melodious_Etudes_-_Book_3.pdf,33,rochut-b3-04,
rochut,b3-p035,35,IMSLP971512-PMLP1519677-Rochut_-_120_Melodious_Etudes_-_Book_3.pdf,34,rochut-b3-04,
rochut,b3-p036,36,IMSLP971512-PMLP1519677-Rochut_-_120_Melodious_Etudes_-_Book_3.pdf,35,rochut-b3-04,
rochut,b3-p037,37,IMSLP971512-PMLP1519677-Rochut_-_120_Melodious_Etudes_-_Book_3.pdf,36,rochut-b3-04,
rochut,b3-p038,38,IMSLP971512-PMLP1519677-Rochut_-_120_Melodious_Etudes_-_Book_3.pdf,37,rochut-b3-04,
rochut,b3-p039,39,IMSLP971512-PMLP1519677-Rochut_-_120_Melodious_Etudes_-_Book_3.pdf,38,rochut-b3-04,
rochut,b3-p040,40,IMSLP971512-PMLP1519677-Rochut_-_120_Melodious_Etudes_-_Book_3.pdf,39,rochut-b3-04,
rochut,b3-p041,41,IMSLP971512-PMLP1519677-Rochut_-_120_Melodious_Etudes_-_Book_3.pdf,40,rochut-b3-04,
rochut,b3-p042,42,IMSLP971512-PMLP1519677-Rochut_-_120_Melodious_Etudes_-_Book_3.pdf,41,rochut-b3-05,
rochut,b3-p043,43,IMSLP971512-PMLP1519677-Rochut_-_120_Melodious_Etudes_-_Book_3.pdf,42,rochut-b3-05,
rochut,b3-p044,44,IMSLP971512-PMLP1519677-Rochut_-_120_Melodious_Etudes_-_Book_3.pdf,43,rochut-b3-05,
rochut,b3-p045,45,IMSLP971512-PMLP1519677-Rochut_-_120_Melodious_Etudes_-_Book_3.pdf,44,rochut-b3-05,
rochut,b3-p046,46,IMSLP971512-PMLP1519677-Rochut_-_120_Melodious_Etudes_-_Book_3.pdf,45,rochut-b3-05,
rochut,b3-p047,47,IMSLP971512-PMLP1519677-Rochut_-_120_Melodious_Etudes_-_Book_3.pdf,46,rochut-b3-05,
rochut,b3-p048,48,IMSLP971512-PMLP1519677-Rochut_-_120_Melodious_Etudes_-_Book_3.pdf,47,rochut-b3-05,
rochut,b3-p049,49,IMSLP971512-PMLP1519677-Rochut_-_120_Melodious_Etudes_-_Book_3.pdf,48,rochut-b3-05,
rochut,b3-p050,50,IMSLP971512-PMLP1519677-Rochut_-_120_Melodious_Etudes_-_Book_3.pdf,49,rochut-b3-05,
rochut,b3-p051,51,IMSLP971512-PMLP1519677-Rochut_-_120_Melodious_Etudes_-_Book_3.pdf,50,rochut-b3-05,
rochut,b3-p052,52,IMSLP971512-PMLP1519677-Rochut_-_120_Melodious_Etudes_-_Book_3.pdf,51,rochut-b3-06,
rochut,b3-p053,53,IMSLP971512-PMLP1519677-Rochut_-_120_Melodious_Etudes_-_Book_3.pdf,52,rochut-b3-06,
rochut,b3-p054,54,IMSLP971512-PMLP1519677-Rochut_-_120_Melodious_Etudes_-_Book_3.pdf,53,rochut-b3-06,
rochut,b3-p055,55,IMSLP971512-PMLP1519677-Rochut_-_120_Melodious_Etudes_-_Book_3.pdf,54,rochut-b3-06,
rochut,b3-p056,56,IMSLP971512-PMLP1519677-Rochut_-_120_Melodious_Etudes_-_Book_3.pdf,55,rochut-b3-06,
rochut,b3-p057,57,IMSLP971512-PMLP1519677-Rochut_-_120_Melodious_Etudes_-_Book_3.pdf,56,rochut-b3-06,
rochut,b3-p058,58,IMSLP971512-PMLP1519677-Rochut_-_120_Melodious_Etudes_-_Book_3.pdf,57,rochut-b3-06,
rochut,b3-p059,59,IMSLP971512-PMLP1519677-Rochut_-_120_Melodious_Etudes_-_Book_3.pdf,58,rochut-b3-06,
rochut,b3-p060,60,IMSLP971512-PMLP1519677-Rochut_-_120_Melodious_Etudes_-_Book_3.pdf,59,rochut-b3-06,
rochut,b3-p061,61,IMSLP971512-PMLP1519677-Rochut_-_120_Melodious_Etudes_-_Book_3.pdf,60,rochut-b3-06,
rochut,b3-p062,62,IMSLP971512-PMLP1519677-Rochut_-_120_Melodious_Etudes_-_Book_3.pdf,61,rochut-b3-07,
rochut,b3-p063,63,IMSLP971512-PMLP1519677-Rochut_-_120_Melodious_Etudes_-_Book_3.pdf,62,rochut-b3-07,
rochut,b3-p064,64,IMSLP971512-PMLP1519677-Rochut_-_120_Melodious_Etudes_-_Book_3.pdf,63,rochut-b3-07,
rochut,b3-p065,65,IMSLP971512-PMLP1519677-Rochut_-_120_Melodious_Etudes_-_Book_3.pdf,64,rochut-b3-07,
rochut,b3-p066,66,IMSLP971512-PMLP1519677-Rochut_-_120_Melodious_Etudes_-_Book_3.pdf,65,rochut-b3-07,
rochut,b3-p067,67,IMSLP971512-PMLP1519677-Rochut_-_120_Melodious_Etudes_-_Book_3.pdf,66,rochut-b3-07,
rochut,b3-p068,68,IMSLP971512-PMLP1519677-Rochut_-_120_Melodious_Etudes_-_Book_3.pdf,67,rochut-b3-07,
rochut,b3-p069,69,IMSLP971512-PMLP1519677-Rochut_-_120_Melodious_Etudes_-_Book_3.pdf,68,rochut-b3-07,
rochut,b3-p070,70,IMSLP971512-PMLP1519677-Rochut_-_120_Melodious_Etudes_-_Book_3.pdf,69,rochut-b3-07,
rochut,b3-p071,71,IMSLP971512-PMLP1519677-Rochut_-_120_Melodious_Etudes_-_Book_3.pdf,70,rochut-b3-07,
rochut,b3-p072,72,IMSLP971512-PMLP1519677-Rochut_-_120_Melodious_Etudes_-_Book_3.pdf,71,rochut-b3-08,
rochut,b3-p073,73,IMSLP971512-PMLP1519677-Rochut_-_120_Melodious_Etudes_-_Book_3.pdf,72,rochut-b3-08,
rochut,b3-p074,74,IMSLP971512-PMLP1519677-Rochut_-_120_Melodious_Etudes_-_Book_3.pdf,73,rochut-b3-08,
rochut,b3-p075,75,IMSLP971512-PMLP1519677-Rochut_-_120_Melodious_Etudes_-_Book_3.pdf,74,rochut-b3-08,
rochut,b3-p076,76,IMSLP971512-PMLP1519677-Rochut_-_120_Melodious_Etudes_-_Book_3.pdf,75,rochut-b3-08,
rochut,b3-p077,77,IMSLP971512-PMLP1519677-Rochut_-_120_Melodious_Etudes_-_Book_3.pdf,76,rochut-b3-08,
rochut,b3-p078,78,IMSLP971512-PMLP1519677-Rochut_-_120_Melodious_Etudes_-_Book_3.pdf,77,rochut-b3-08,
rochut,b3-p079,79,IMSLP971512-PMLP1519677-Rochut_-_120_Melodious_Etudes_-_Book_3.pdf,78,rochut-b3-08,
