file,work,part,imslp_index,imslp_file_url,pages,contents,sha256
IMSLP180028-SIBLEY1802.7272.57c3-39087017795040pp1-56.pdf,arban,1,180028,https://imslp.org/wiki/Special:ImagefromIndex/180028,64,pp. 1-56 (with front matter),6c5e8e9b00ed2ffa09410e001216eb50b9661efb586a1348fd2f7ce4c7aa2f31
IMSLP180029-SIBLEY1802.7272.f7ba-39087017795040pp57-122.pdf,arban,2,180029,https://imslp.org/wiki/Special:ImagefromIndex/180029,66,pp. 57-122,994b61885e721059b90190967b83862e1508ac8d372596a2074a59f6eaedee69
IMSLP180030-SIBLEY1802.7272.6b1d-39087017795040pp123-190.pdf,arban,3,180030,https://imslp.org/wiki/Special:ImagefromIndex/180030,68,pp. 123-190,8d56789307af13eae3340f4377f3cfc237d298a557feb06552c519d452e95ba9
IMSLP180031-SIBLEY1802.7272.e604-39087017795040pp191-282.pdf,arban,4,180031,https://imslp.org/wiki/Special:ImagefromIndex/180031,92,pp. 191-282,6aa8d9e57fc822c4f4befbde16bea161fe8bcf24d53b0ae8416c3eaa1733a49f
IMSLP180032-SIBLEY1802.7272.c9b6-39087017795040pp283-347.pdf,arban,5,180032,https://imslp.org/wiki/Special:ImagefromIndex/180032,65,pp. 283-347,6f727f4aece100bbb7655127fdeb60928fecae016a3442979a43bc6a644f7f2e
IMSLP340778-SIBLEY1802.28663.653c-MT445.C598_T25_1912.pdf,clarke,1,340778,https://imslp.org/wiki/Special:ImagefromIndex/340778,58,complete,d1ddfdbcad37e0cfb42731ec2dd0c582585d4672dae68332c36a71ef576d6146
IMSLP971510-PMLP1519677-Rochut_-_120_Melodious_Etudes_-_Book_1.pdf,rochut,1,971510,https://imslp.org/wiki/Special:ImagefromIndex/971510,86,Book 1 (Nos. 1-60),226521df777e412e2ff2a65b57029badd73abf89f5543bf6da1e428e7f42a589
IMSLP971511-PMLP1519677-Rochut_-_120_Melodious_Etudes_-_Book_2.pdf,rochut,2,971511,https://imslp.org/wiki/Special:ImagefromIndex/971511,65,Book 2 (Nos. 61-90),8ac1185419e84f5b78553df36186067a03b99bc6f1dd7fb6d5736c9e7fcccc1e
IMSLP971512-PMLP1519677-Rochut_-_120_Melodious_Etudes_-_Book_3.pdf,rochut,3,971512,https://imslp.org/wiki/Special:ImagefromIndex/971512,78,Book 3 (Nos. 91-120),8c42f8b63cb6e4d4e939a62dba271d8892669b01fb3dcc7d9b854977e7d72300
